attendance,behavior,quiz_score,mid_score,final_score,previous_grade,current_grade,decline
present,not active,52,77,98,78,72,1
present,active,70,72,94,85,78,1
absent,disturbing,97,42,64,99,49,1
absent,not active,85,56,68,80,56,1
absent,not active,93,79,81,63,71,0
absent,disturbing,93,56,56,71,50,1
late,not active,66,70,49,58,53,1
absent,not active,50,79,64,100,51,1
absent,not active,46,43,79,86,43,1
present,not active,82,58,47,71,59,1
absent,disturbing,88,99,60,89,64,1
absent,active,41,89,42,83,47,1
present,not active,84,42,83,64,66,0
present,not active,97,61,84,70,77,0
present,disturbing,41,92,71,67,60,1
late,disturbing,56,60,78,90,51,1
late,not active,93,55,76,66,66,0
late,active,63,91,78,72,72,0
absent,active,79,60,84,65,64,1
present,not active,97,70,43,72,67,1
absent,not active,51,99,78,79,63,1
absent,not active,87,49,70,59,55,1
absent,active,74,80,77,61,67,0
absent,not active,92,100,99,63,84,0
late,not active,62,76,86,56,66,0
absent,not active,78,58,57,97,51,1
late,disturbing,75,73,93,81,67,1
late,disturbing,70,69,98,65,66,0
absent,not active,75,100,45,75,60,1
present,active,44,65,60,64,56,1
absent,not active,89,58,55,99,54,1
late,disturbing,89,81,54,87,61,1
late,active,72,89,71,50,72,0
late,not active,71,58,73,69,59,1
late,not active,64,87,90,92,72,1
late,disturbing,42,55,65,61,41,1
late,disturbing,40,54,56,52,37,1
absent,not active,50,43,94,77,49,1
late,not active,94,89,73,76,77,0
absent,disturbing,62,68,68,100,48,1
present,disturbing,89,51,80,82,65,1
late,not active,48,90,56,95,56,1
absent,not active,84,56,85,81,62,1
absent,not active,75,41,72,86,49,1
present,active,66,67,52,50,61,0
late,not active,77,62,61,51,58,0
present,not active,42,56,40,81,43,1
present,not active,91,99,42,87,74,1
present,not active,49,69,79,58,62,0
late,active,72,62,51,66,56,1
present,active,99,87,40,90,75,1
late,not active,55,68,71,69,56,1
present,disturbing,68,88,49,52,60,0
absent,disturbing,47,73,73,75,46,1
late,disturbing,54,72,62,86,49,1
present,disturbing,63,51,97,61,62,0
late,active,60,44,96,62,61,1
absent,not active,64,66,79,75,56,1
absent,disturbing,90,68,44,51,49,1
present,not active,85,67,56,97,66,1
present,active,60,60,84,53,68,0
late,disturbing,67,58,48,58,44,1
present,disturbing,68,86,78,51,69,0
late,active,46,49,68,86,49,1
present,disturbing,44,99,100,58,73,0
present,disturbing,70,64,99,96,69,1
present,not active,63,57,70,67,60,1
absent,not active,46,57,71,70,45,1
absent,disturbing,73,87,88,60,64,0
present,active,60,43,98,99,67,1
absent,disturbing,59,68,55,67,42,1
present,disturbing,83,69,68,84,65,1
absent,active,49,78,77,55,58,0
present,disturbing,66,75,89,96,68,1
present,active,74,95,99,98,89,1
present,not active,96,53,63,75,67,1
present,disturbing,82,80,84,99,74,1
late,not active,93,91,87,92,82,1
present,active,57,58,78,66,64,1
late,not active,83,82,86,52,75,0
present,not active,56,50,56,55,51,1
present,disturbing,81,55,79,54,63,0
late,disturbing,66,41,97,60,55,1
late,not active,42,77,87,57,60,0
late,not active,68,99,68,93,70,1
late,not active,76,85,99,96,78,1
absent,active,76,59,79,99,61,1
present,active,85,50,87,88,74,1
present,active,87,91,94,60,90,0
absent,disturbing,57,91,98,76,64,1
present,not active,44,86,99,74,73,1
late,active,93,59,81,57,72,0
absent,not active,95,54,40,99,50,1
present,disturbing,47,72,84,51,59,0
present,not active,48,61,53,54,51,1
late,active,63,83,45,79,58,1
late,active,94,76,41,72,65,1
late,not active,60,76,50,73,54,1
late,not active,60,67,90,86,64,1
absent,not active,50,97,83,80,63,1
late,disturbing,48,83,59,58,50,1
absent,not active,69,58,59,81,49,1
late,active,88,49,70,71,64,1
late,not active,52,69,74,61,57,1
late,not active,69,99,42,91,62,1
present,active,62,97,77,75,78,0
late,active,88,54,88,85,71,1
absent,active,63,62,98,56,64,0
late,active,76,65,63,58,63,0
late,disturbing,68,52,71,97,50,1
absent,not active,79,45,70,91,51,1
absent,not active,86,46,77,51,56,0
absent,active,80,85,88,53,74,0
present,disturbing,72,61,61,51,56,0
present,not active,80,80,84,80,78,1
present,disturbing,44,60,55,77,45,1
late,not active,86,74,46,66,60,1
absent,disturbing,63,85,43,61,45,1
late,not active,64,95,70,75,68,1
absent,disturbing,98,94,64,77,67,1
late,disturbing,85,40,79,57,55,1
present,not active,58,43,49,74,47,1
late,active,84,60,67,100,65,1
present,active,81,45,71,70,65,1
present,not active,84,90,94,55,86,0
absent,disturbing,74,97,85,59,67,0
present,not active,54,91,48,65,61,1
late,not active,53,98,43,76,56,1
late,not active,72,79,100,78,75,1
late,not active,91,80,46,68,64,1
late,disturbing,53,46,59,82,39,1
present,disturbing,84,74,59,83,64,1
late,disturbing,58,64,47,65,43,1
present,not active,73,84,90,61,79,0
present,disturbing,52,49,90,84,55,1
absent,not active,98,61,42,98,54,1
present,not active,79,74,52,52,65,0
late,active,50,42,76,79,51,1
late,active,83,42,47,59,52,1
present,disturbing,55,46,82,67,53,1
absent,not active,47,61,66,96,45,1
late,disturbing,53,95,62,87,57,1
late,not active,61,84,87,75,69,1
absent,disturbing,68,68,59,83,47,1
absent,disturbing,41,61,57,87,35,1
late,active,77,54,63,71,59,1
present,active,47,84,89,63,73,0
present,not active,90,43,88,51,70,0
present,not active,45,72,76,56,61,0
present,active,66,96,85,96,82,1
absent,active,66,56,64,91,52,1
present,active,85,83,78,60,82,0
absent,disturbing,57,79,61,64,47,1
present,disturbing,74,100,81,54,77,0
present,active,90,76,86,75,84,0
late,active,59,42,99,84,61,1
absent,active,99,88,99,63,85,0
absent,disturbing,76,82,41,64,48,1
present,not active,94,81,66,99,77,1
absent,disturbing,75,61,44,68,42,1
absent,active,59,76,48,77,51,1
absent,disturbing,75,48,77,76,48,1
absent,disturbing,74,88,60,73,56,1
present,not active,100,66,92,54,83,0
present,not active,100,57,94,56,80,0
absent,active,86,41,73,53,56,0
present,disturbing,73,50,65,89,54,1
present,not active,100,97,72,90,86,1
late,disturbing,62,71,83,58,59,0
late,not active,55,57,50,54,46,1
absent,active,85,65,44,90,54,1
late,not active,77,90,76,60,73,0
present,disturbing,70,48,81,78,58,1
absent,not active,44,48,58,75,37,1
present,active,62,69,84,71,71,0
late,not active,55,43,81,66,51,1
absent,disturbing,53,86,91,64,58,1
late,disturbing,52,67,53,98,44,1
absent,disturbing,86,75,89,59,65,0
late,disturbing,44,48,49,91,34,1
present,disturbing,98,86,49,85,69,1
late,disturbing,67,47,85,74,53,1
late,not active,99,84,60,91,73,1
present,not active,68,58,70,51,62,0
absent,active,97,41,66,53,58,0
absent,disturbing,79,42,51,70,39,1
late,active,76,88,47,68,65,1
late,active,54,99,40,52,59,0
present,not active,73,42,72,57,59,0
late,disturbing,55,93,99,97,69,1
present,disturbing,67,83,42,83,56,1
absent,active,48,81,96,76,65,1
present,disturbing,99,48,95,86,72,1
absent,active,66,98,61,95,65,1
absent,disturbing,70,76,61,76,51,1
absent,not active,81,57,63,78,54,1
absent,disturbing,80,91,52,54,56,0
present,active,62,78,67,97,69,1
present,not active,42,56,65,57,51,1
present,not active,55,49,41,77,45,1
present,not active,83,70,40,90,61,1
absent,not active,66,81,77,77,61,1
present,disturbing,91,45,65,55,59,0
present,disturbing,44,60,76,76,52,1
absent,active,78,44,72,87,54,1
absent,not active,89,43,68,70,53,1
absent,not active,42,44,88,79,45,1
late,disturbing,77,55,88,50,60,0
absent,not active,93,50,97,56,67,0
present,not active,87,87,99,73,88,0
late,not active,67,86,60,53,63,0
absent,active,62,90,91,53,71,0
present,not active,94,68,59,84,70,1
present,disturbing,61,69,48,95,51,1
absent,active,67,97,44,64,59,1
absent,disturbing,94,57,84,89,60,1
late,active,89,68,53,53,65,0
late,active,64,70,88,96,69,1
present,active,97,80,86,71,87,0
absent,active,49,95,56,77,56,1
late,disturbing,69,69,77,71,58,1
absent,disturbing,98,84,93,70,73,0
present,not active,69,45,72,52,59,0
present,disturbing,94,93,73,55,78,0
absent,not active,51,57,58,79,42,1
late,not active,44,77,45,68,47,1
absent,not active,84,98,71,77,71,1
absent,active,40,56,72,54,46,1
absent,not active,54,91,68,87,58,1
absent,disturbing,42,62,59,53,36,1
present,disturbing,81,69,54,50,60,0
present,not active,80,94,81,64,82,0
absent,disturbing,54,42,54,50,32,1
absent,disturbing,95,97,73,78,70,1
late,active,60,69,53,63,55,1
absent,disturbing,92,81,61,77,60,1
late,disturbing,40,55,43,70,33,1
late,active,57,90,72,69,68,1
absent,not active,63,63,93,88,60,1
present,not active,59,84,86,70,73,0
present,active,50,84,74,77,69,1
present,active,44,61,88,51,64,0
late,active,89,46,95,99,71,1
absent,disturbing,49,62,44,69,33,1
absent,not active,80,97,40,89,59,1
absent,not active,57,79,50,68,49,1
present,not active,64,92,73,82,73,1
late,not active,87,68,76,73,69,1
present,disturbing,66,89,47,66,59,1
late,disturbing,79,80,64,56,61,0
late,disturbing,43,59,90,95,51,1
absent,not active,59,43,87,97,50,1
absent,active,48,54,62,76,44,1
late,active,81,90,77,64,77,0
present,disturbing,98,60,68,55,67,0
late,active,95,98,60,53,79,0
late,not active,80,55,86,68,65,1
late,disturbing,48,51,57,52,39,1
late,disturbing,82,59,60,83,54,1
present,not active,86,99,88,50,88,0
absent,disturbing,54,95,56,56,50,1
present,not active,70,51,96,76,69,1
absent,not active,66,79,53,98,53,1
late,active,86,92,100,64,87,0
present,not active,65,53,40,74,49,1
absent,active,54,71,96,69,63,1
late,disturbing,98,81,46,71,62,1
late,disturbing,49,85,47,67,47,1
present,not active,80,63,43,86,59,1
absent,active,58,96,85,74,69,1
present,active,85,62,70,82,72,1
late,active,55,60,61,62,53,1
present,disturbing,88,65,85,67,71,0
absent,active,40,94,60,96,54,1
late,disturbing,68,60,87,57,58,0
late,not active,52,85,66,62,59,1
late,not active,93,66,55,80,63,1
late,not active,82,82,47,84,62,1
absent,active,75,62,75,82,60,1
late,not active,94,63,52,58,61,0
present,active,79,77,92,87,82,1
late,disturbing,53,88,89,67,63,1
late,active,97,86,99,74,89,0
late,active,52,59,92,71,62,1
present,disturbing,48,81,75,54,60,0
late,active,87,61,69,93,67,1
absent,disturbing,56,51,75,98,42,1
late,disturbing,66,87,70,84,61,1
present,disturbing,85,72,90,75,74,1
late,disturbing,86,64,49,71,53,1
absent,active,43,68,72,87,51,1
present,active,50,68,42,83,53,1
late,disturbing,76,41,90,81,56,1
present,active,93,83,78,74,84,0
late,active,93,45,76,95,66,1
absent,disturbing,97,55,46,78,48,1
absent,active,45,74,78,89,55,1
present,disturbing,79,74,78,94,69,1
late,disturbing,53,56,41,82,37,1
present,disturbing,82,89,88,82,78,1
late,active,87,97,43,76,70,1
absent,not active,49,43,69,77,40,1
present,active,58,99,88,88,81,1
present,active,69,99,50,87,72,1
late,disturbing,71,89,44,90,55,1
absent,active,69,50,41,57,43,1
late,disturbing,62,51,78,69,50,1
late,not active,58,57,57,50,49,1
present,not active,59,85,77,87,70,1
absent,active,76,64,77,85,62,1
present,active,72,71,97,92,80,1
late,not active,79,62,62,64,59,1
absent,active,60,41,74,50,48,1
late,not active,100,99,85,90,86,1
absent,disturbing,95,70,81,69,64,1
present,not active,42,88,65,71,62,1
absent,not active,78,73,71,87,61,1
absent,active,75,89,74,90,69,1
present,not active,42,45,50,78,42,1
late,disturbing,81,64,83,90,63,1
absent,active,84,71,85,62,70,0
late,active,79,96,52,81,70,1
present,not active,47,83,77,98,66,1
absent,active,74,99,79,78,74,1
present,disturbing,86,58,88,51,69,0
late,not active,68,77,91,72,70,1
present,active,98,65,43,58,68,0
absent,not active,84,66,80,100,63,1
present,disturbing,98,82,92,73,82,0
present,disturbing,68,61,93,92,66,1
present,disturbing,41,65,85,93,55,1
present,disturbing,43,85,89,81,64,1
present,disturbing,70,45,68,63,53,1
present,active,96,100,86,96,94,1
absent,disturbing,64,95,78,99,61,1
present,not active,66,82,98,80,79,1
absent,active,93,52,47,84,54,1
present,not active,73,45,96,53,68,0
present,disturbing,44,53,44,97,39,1
present,not active,95,89,81,57,85,0
present,not active,55,75,57,82,59,1
late,disturbing,42,98,49,92,50,1
absent,disturbing,49,86,81,80,54,1
late,disturbing,58,82,60,55,53,1
late,not active,41,97,52,76,55,1
present,disturbing,52,67,94,83,63,1
absent,disturbing,80,70,79,93,58,1
late,disturbing,64,59,43,96,42,1
present,disturbing,91,63,50,57,60,0
absent,disturbing,79,76,66,80,55,1
late,active,85,53,46,52,56,0
present,not active,78,84,86,89,79,1
late,not active,72,68,59,91,58,1
present,active,89,58,43,54,63,0
present,not active,96,79,86,86,84,1
present,not active,50,47,40,76,42,1
late,active,66,74,47,69,57,1
absent,disturbing,56,57,93,65,50,1
late,active,85,94,80,64,81,0
present,disturbing,98,59,64,88,65,1
late,active,86,50,98,95,73,1
late,active,85,68,66,60,68,0
present,disturbing,98,60,79,92,71,1
absent,not active,45,50,95,84,50,1
absent,active,48,47,71,96,45,1
late,not active,48,90,66,65,60,1
present,not active,83,53,74,51,67,0
present,not active,41,99,97,81,76,1
absent,active,87,77,93,85,75,1
late,not active,97,85,49,55,69,0
present,active,77,91,45,80,71,1
late,not active,61,92,68,70,65,1
late,not active,91,86,48,77,67,1
absent,disturbing,72,82,76,97,58,1
absent,not active,53,81,61,100,52,1
absent,not active,97,67,93,97,72,1
absent,active,46,98,96,80,70,1
present,active,51,100,95,93,82,1
late,disturbing,55,85,61,64,54,1
present,not active,60,69,89,53,69,0
present,disturbing,66,43,92,64,59,1
absent,not active,87,77,48,63,57,1
absent,not active,51,64,46,76,40,1
absent,disturbing,69,72,67,61,51,1
present,disturbing,79,49,98,74,67,1
late,disturbing,90,93,77,83,73,1
late,disturbing,62,64,70,50,52,0
absent,not active,96,88,44,65,63,1
late,not active,48,54,92,69,56,1
present,not active,42,87,54,90,58,1
late,disturbing,61,52,70,53,48,1
absent,disturbing,96,77,84,82,67,1
absent,active,55,43,78,51,48,1
present,not active,90,62,59,81,67,1
late,active,76,76,54,65,63,1
late,active,92,98,51,96,75,1
present,not active,90,68,71,60,73,0
absent,disturbing,99,56,69,81,56,1
absent,not active,51,63,74,52,49,1
absent,disturbing,95,79,60,98,60,1
late,active,86,73,68,95,70,1
present,disturbing,74,84,64,57,66,0
late,disturbing,55,75,67,80,52,1
absent,disturbing,40,67,58,74,37,1
absent,not active,90,64,61,84,58,1
late,not active,93,93,97,72,86,0
present,active,73,41,66,74,60,1
absent,disturbing,46,95,84,75,57,1
late,not active,41,66,47,96,43,1
late,active,98,45,54,91,60,1
present,active,76,75,72,93,74,1
late,disturbing,45,72,83,91,53,1
present,active,84,41,86,55,70,0
absent,active,89,40,97,91,65,1
absent,active,72,59,60,62,53,1
late,disturbing,58,87,63,66,56,1
absent,active,89,55,50,98,54,1
late,active,92,52,95,96,74,1
present,not active,50,80,47,92,56,1
present,disturbing,90,64,73,70,67,1
absent,not active,56,93,89,77,66,1
absent,active,95,60,87,75,70,1
absent,disturbing,66,42,42,72,32,1
absent,active,44,50,85,54,49,1
absent,not active,57,60,65,75,47,1
present,disturbing,83,95,56,91,70,1
late,disturbing,94,99,52,89,68,1
late,not active,96,76,44,60,64,0
absent,active,92,70,75,88,69,1
present,not active,60,77,73,50,67,0
late,not active,72,69,89,65,68,0
late,not active,97,55,96,87,74,1
late,not active,43,75,71,60,55,1
present,active,49,56,87,54,64,0
late,not active,68,83,50,65,59,1
present,not active,58,57,62,71,56,1
absent,not active,95,85,90,58,77,0
absent,active,76,86,94,95,75,1
late,disturbing,64,58,45,58,42,1
present,disturbing,52,89,73,84,63,1
present,disturbing,49,51,61,78,45,1
absent,not active,62,93,85,57,67,0
late,not active,86,81,62,77,68,1
absent,not active,83,85,99,72,76,0
absent,not active,93,81,66,69,67,1
absent,disturbing,84,83,61,72,58,1
present,disturbing,58,79,89,66,67,0
late,disturbing,55,40,68,59,41,1
present,active,76,74,76,78,75,1
present,active,77,53,63,83,64,1
present,not active,41,74,56,76,54,1
present,disturbing,59,51,69,76,51,1
absent,active,60,98,62,73,63,1
absent,active,58,70,64,72,54,1
late,disturbing,65,67,51,53,48,1
absent,not active,57,92,85,76,65,1
late,not active,43,62,82,84,54,1
absent,active,67,100,72,84,69,1
absent,active,66,80,90,81,68,1
late,not active,65,77,65,96,61,1
late,disturbing,65,89,65,81,60,1
late,disturbing,99,64,86,93,70,1
present,not active,80,43,73,59,62,0
present,disturbing,59,63,48,97,48,1
late,disturbing,66,87,81,95,65,1
present,not active,70,89,79,73,76,0
late,active,90,60,73,73,69,1
present,not active,46,93,96,89,75,1
present,disturbing,56,66,86,63,61,1
absent,disturbing,64,49,42,75,33,1
absent,not active,67,48,53,66,43,1
present,not active,42,69,94,97,65,1
absent,active,46,75,86,84,59,1
absent,not active,40,87,71,96,53,1
absent,disturbing,61,74,66,89,49,1
absent,disturbing,64,93,98,73,67,1
absent,active,70,57,81,89,59,1
present,active,51,54,69,97,58,1
present,disturbing,94,91,42,69,67,1
late,not active,73,74,87,74,70,1
late,active,78,89,95,71,82,0
absent,disturbing,51,45,100,64,47,1
late,disturbing,77,57,73,56,56,0
present,active,43,93,53,50,63,0
late,disturbing,61,57,50,58,43,1
late,active,90,96,48,60,73,0
late,active,88,47,93,58,71,0
absent,disturbing,84,47,69,76,48,1
present,disturbing,87,66,99,52,76,0
absent,disturbing,74,89,57,98,55,1
late,active,74,98,57,87,71,1
present,not active,52,55,52,60,50,1
late,active,64,54,66,99,56,1
absent,active,89,65,85,72,69,1
present,not active,66,40,58,52,51,1
late,not active,99,84,69,96,76,1
present,not active,51,43,57,90,47,1
late,disturbing,57,55,93,93,55,1
late,active,58,86,44,95,57,1
late,not active,77,90,76,76,73,1
late,not active,55,75,67,90,57,1
absent,not active,93,44,63,91,53,1
late,active,87,100,43,57,71,0
present,not active,74,62,41,89,56,1
absent,disturbing,54,80,46,57,42,1
absent,disturbing,75,69,87,72,59,1
late,active,96,65,92,98,79,1
present,not active,50,100,93,55,78,0
present,disturbing,85,50,62,89,57,1
late,active,96,85,71,70,79,0
absent,not active,86,42,76,57,55,1
absent,disturbing,41,63,73,50,41,1
present,not active,58,68,78,61,65,0
late,active,92,92,97,81,88,0
absent,disturbing,72,90,48,74,52,1
late,disturbing,96,65,94,89,72,1
absent,disturbing,88,53,97,64,61,1
absent,disturbing,81,76,74,84,59,1
absent,not active,79,51,47,77,46,1
late,not active,64,80,80,90,66,1
present,not active,58,53,47,50,49,1
late,active,99,99,65,56,82,0
absent,not active,43,53,56,80,37,1
absent,active,41,89,69,63,56,1
present,active,90,52,86,79,76,1
absent,active,83,52,80,51,61,0
present,disturbing,70,87,60,86,64,1
present,disturbing,93,87,41,70,65,1
late,active,91,45,55,87,58,1
absent,disturbing,57,85,49,51,45,1
late,not active,61,54,51,89,47,1
absent,not active,63,50,98,65,57,1
absent,active,69,45,63,100,49,1
present,not active,63,69,98,79,73,1
absent,active,69,76,43,89,52,1
late,active,80,63,77,55,68,0
absent,not active,59,44,87,59,50,1
present,not active,62,60,50,58,54,1
present,disturbing,84,84,92,84,78,1
late,not active,82,63,42,94,54,1
late,active,86,57,84,99,70,1
present,not active,85,45,79,58,66,0
absent,not active,44,60,80,60,48,1
present,not active,57,99,64,63,70,0
late,disturbing,92,98,52,58,67,0
absent,disturbing,80,79,40,73,48,1
absent,active,44,69,87,98,56,1
absent,active,72,96,97,80,78,1
present,disturbing,86,40,96,88,66,1
absent,not active,68,53,58,64,46,1
present,disturbing,55,87,62,60,60,0
late,not active,89,51,76,54,64,0
present,not active,59,79,83,72,70,1
present,disturbing,50,96,70,69,64,1
present,not active,63,82,84,80,73,1
late,not active,80,48,64,88,56,1
absent,disturbing,85,94,42,51,55,0
late,active,67,95,91,54,79,0
present,active,99,48,98,81,81,0
late,disturbing,92,84,65,59,67,0
present,disturbing,78,77,71,87,67,1
present,not active,53,53,98,51,65,0
late,disturbing,83,54,85,52,61,0
present,not active,56,40,97,83,61,1
late,disturbing,47,68,79,74,51,1
absent,active,45,51,98,68,54,1
absent,not active,40,98,51,92,50,1
absent,not active,90,53,93,53,65,0
present,active,60,42,57,95,53,1
late,not active,94,68,95,61,77,0
late,active,82,45,74,95,62,1
late,disturbing,87,48,44,53,46,1
absent,disturbing,44,94,94,100,59,1
absent,not active,55,96,56,82,56,1
present,active,70,48,78,52,65,0
late,active,67,70,95,71,72,0
present,not active,48,82,69,54,63,0
late,disturbing,61,40,62,69,41,1
late,not active,59,87,91,52,71,0
present,not active,49,100,44,95,61,1
present,disturbing,62,90,46,61,58,1
absent,disturbing,100,46,86,93,59,1
present,active,62,84,99,77,81,0
absent,active,64,60,65,54,53,1
present,active,100,89,56,97,81,1
late,active,66,52,53,65,52,1
present,disturbing,43,60,76,51,51,0
late,disturbing,76,47,64,91,49,1
present,active,89,62,88,55,79,0
late,disturbing,41,48,94,79,48,1
late,not active,80,91,98,55,81,0
late,active,66,47,52,95,50,1
absent,active,49,88,84,69,63,1
present,active,97,45,73,61,71,0
absent,disturbing,53,93,69,90,53,1
present,active,53,62,82,51,65,0
absent,active,83,100,98,66,83,0
late,disturbing,64,58,49,96,44,1
late,not active,46,62,82,92,55,1
late,not active,80,49,75,93,60,1
late,not active,77,74,72,73,66,1
absent,not active,40,61,69,53,43,1
late,disturbing,83,97,86,91,75,1
present,active,68,46,47,61,53,1
present,not active,69,41,71,57,57,0
present,not active,91,70,78,59,76,0
late,not active,46,82,53,77,52,1
absent,active,52,51,80,88,51,1
present,disturbing,87,78,51,74,64,1
late,disturbing,56,49,53,96,39,1
late,not active,93,79,82,55,76,0
late,not active,48,87,77,79,62,1
present,active,88,58,91,96,79,1
present,not active,69,47,89,88,65,1
absent,not active,85,54,55,86,51,1
absent,not active,47,94,67,70,56,1
absent,active,53,52,85,77,53,1
absent,active,54,45,85,59,51,1
absent,active,65,98,49,83,60,1
late,disturbing,82,57,42,93,47,1
absent,not active,59,66,83,52,56,0
present,not active,58,75,60,56,61,0
late,disturbing,98,98,46,66,67,0
late,disturbing,42,49,85,83,45,1
absent,active,87,92,56,74,68,1
late,not active,56,88,82,64,67,0
present,not active,66,59,62,81,59,1
absent,active,86,61,73,57,63,0
late,disturbing,72,43,49,52,41,1
late,not active,53,65,91,73,61,1
absent,not active,100,95,88,83,81,1
present,not active,67,54,68,64,60,1
late,not active,81,89,95,94,80,1
present,disturbing,56,78,80,78,63,1
present,disturbing,94,81,79,86,76,1
absent,active,100,87,40,81,65,1
absent,not active,92,53,91,80,65,1
late,active,51,80,62,96,59,1
absent,not active,42,81,98,63,60,1
absent,active,96,87,69,58,74,0
absent,not active,99,94,59,99,71,1
late,disturbing,56,64,47,98,42,1
absent,disturbing,53,61,43,84,34,1
absent,not active,69,97,50,91,59,1
absent,disturbing,79,78,82,70,61,1
absent,not active,74,85,99,72,73,0
absent,disturbing,50,90,89,65,58,1
present,active,80,89,68,69,79,0
present,not active,44,60,66,71,53,1
absent,disturbing,59,85,75,76,55,1
absent,active,61,70,71,55,57,0
present,active,86,86,45,84,72,1
late,disturbing,100,66,82,99,69,1
present,not active,45,51,93,54,60,0
late,disturbing,88,55,44,95,49,1
present,disturbing,71,67,45,97,53,1
present,disturbing,91,76,57,74,66,1
absent,not active,100,70,58,63,63,0
present,disturbing,60,49,64,96,49,1
absent,not active,50,76,47,84,44,1
late,active,81,53,73,93,64,1
absent,active,64,55,78,74,55,1
present,disturbing,64,94,86,96,73,1
present,active,78,50,61,80,63,1
absent,active,65,63,98,69,65,1
late,not active,87,84,68,55,71,0
absent,not active,54,68,73,67,52,1
present,disturbing,95,96,88,99,85,1
late,not active,56,98,79,56,69,0
late,disturbing,55,60,88,95,54,1
present,not active,42,82,41,71,52,1
absent,disturbing,53,93,49,61,47,1
absent,disturbing,44,88,92,82,56,1
present,active,90,54,77,91,73,1
late,not active,54,67,94,62,63,0
present,not active,74,95,61,100,73,1
absent,active,69,44,76,63,53,1
late,disturbing,100,99,86,99,82,1
present,active,68,87,100,64,85,0
absent,not active,42,94,55,94,50,1
late,disturbing,53,40,48,97,34,1
present,disturbing,96,72,63,87,69,1
late,active,63,58,65,70,57,1
absent,not active,56,61,69,62,49,1
absent,disturbing,96,72,41,94,51,1
late,disturbing,42,63,98,61,54,1
absent,disturbing,97,46,68,89,52,1
late,not active,86,46,97,76,68,1
present,disturbing,55,79,73,56,61,0
present,disturbing,93,89,97,87,85,1
late,active,92,49,53,54,59,0
absent,not active,50,73,46,81,43,1
late,not active,52,49,42,61,39,1
late,not active,78,59,86,91,66,1
absent,active,70,61,68,90,56,1
absent,not active,64,61,46,76,44,1
present,active,56,92,98,54,82,0
late,active,54,65,72,96,58,1
present,not active,76,64,72,97,67,1
absent,disturbing,95,53,64,50,52,0
absent,disturbing,42,85,42,65,38,1
absent,active,48,71,61,81,50,1
late,disturbing,49,94,84,75,62,1
absent,not active,45,44,63,89,37,1
present,active,87,100,83,83,90,0
late,not active,86,42,46,57,50,1
absent,disturbing,51,79,90,77,55,1
absent,disturbing,73,45,84,69,49,1
present,disturbing,86,52,47,51,53,0
present,not active,92,55,93,68,77,0
absent,active,52,49,90,67,53,1
late,not active,56,67,43,67,47,1
present,active,99,97,81,90,92,0
absent,disturbing,96,48,56,95,48,1
late,not active,86,92,81,56,78,0
late,active,58,63,88,97,64,1
late,disturbing,98,77,44,85,60,1
late,not active,93,43,90,75,67,1
late,not active,99,71,53,77,66,1
late,disturbing,55,100,72,99,62,1
absent,disturbing,73,69,46,84,44,1
present,active,95,40,66,91,67,1
late,active,56,97,90,98,76,1
late,not active,54,68,70,95,56,1
late,not active,86,42,61,64,55,1
present,disturbing,80,64,63,80,61,1
present,disturbing,49,82,60,57,55,1
late,not active,53,87,72,92,62,1
present,active,82,91,73,84,82,1
late,disturbing,51,46,41,100,33,1
present,not active,96,98,93,85,92,0
absent,not active,47,60,44,55,37,1
late,active,65,49,75,90,58,1
present,disturbing,95,100,44,94,71,1
late,disturbing,60,64,42,91,42,1
present,disturbing,82,77,66,84,67,1
late,disturbing,89,90,98,91,79,1
absent,active,86,74,80,52,70,0
present,disturbing,64,52,64,86,52,1
late,active,97,55,60,96,65,1
late,not active,56,85,41,77,52,1
present,disturbing,85,43,79,88,61,1
absent,disturbing,99,61,55,91,53,1
late,active,63,53,59,84,53,1
absent,not active,94,52,47,89,51,1
present,active,60,97,81,51,79,0
present,active,99,97,67,96,87,1
present,active,96,99,64,75,86,0
late,disturbing,91,94,96,88,80,1
late,active,95,62,65,70,69,1
present,not active,63,51,51,88,52,1
late,not active,54,49,84,53,54,0
present,active,74,70,98,90,80,1
absent,not active,75,42,87,91,55,1
present,disturbing,60,71,68,94,58,1
absent,disturbing,75,80,95,88,65,1
late,active,73,81,98,85,79,1
present,active,46,92,83,91,73,1
absent,active,57,83,64,64,58,1
absent,not active,85,92,66,54,68,0
absent,active,100,100,46,58,72,0
absent,active,48,56,53,82,42,1
present,not active,74,79,85,71,76,0
absent,active,93,98,79,57,80,0
absent,not active,46,97,75,61,59,1
absent,not active,97,51,76,50,61,0
absent,disturbing,92,98,51,59,62,0
absent,not active,50,78,44,80,44,1
absent,disturbing,57,48,62,82,37,1
absent,active,93,62,80,72,68,1
present,active,84,58,63,57,68,0
late,not active,83,56,81,66,65,1
present,disturbing,69,98,57,68,66,1
late,disturbing,55,83,62,98,53,1
late,not active,60,42,93,94,57,1
late,disturbing,58,65,67,82,50,1
absent,active,75,42,69,97,52,1
late,disturbing,76,44,55,64,45,1
present,not active,87,83,45,64,68,0
late,disturbing,67,56,74,96,52,1
absent,not active,49,70,91,77,57,1
absent,not active,99,41,97,66,66,0
late,not active,96,53,79,98,68,1
absent,active,70,41,62,95,47,1
present,not active,70,50,81,96,64,1
present,disturbing,65,48,90,63,59,1
late,disturbing,48,99,44,69,50,1
present,disturbing,95,73,64,88,69,1
present,not active,63,43,84,90,60,1
absent,disturbing,75,54,89,74,54,1
present,active,70,100,82,82,84,0
absent,active,89,90,40,51,63,0
absent,disturbing,72,70,68,72,52,1
absent,not active,79,42,73,66,51,1
late,not active,78,99,49,68,67,1
absent,active,85,53,70,53,59,0
late,not active,97,43,49,64,55,1
absent,not active,41,78,63,69,47,1
late,disturbing,100,57,100,63,72,0
present,active,90,100,47,90,79,1
absent,disturbing,61,81,96,65,61,1
present,disturbing,70,89,82,50,72,0
absent,not active,97,90,65,53,71,0
absent,active,49,60,91,59,56,1
present,disturbing,96,75,46,56,64,0
late,disturbing,89,46,98,94,64,1
present,not active,47,69,60,57,55,1
absent,disturbing,82,81,66,89,58,1
late,not active,70,89,70,93,68,1
late,active,54,90,88,67,72,0
late,disturbing,93,41,68,76,54,1
absent,active,75,54,47,97,48,1
absent,disturbing,85,53,66,77,50,1
late,active,48,51,42,92,42,1
late,active,46,55,51,57,45,1
late,disturbing,56,87,64,93,56,1
absent,not active,95,86,95,58,79,0
present,disturbing,51,76,78,81,60,1
late,disturbing,69,60,64,85,51,1
late,not active,93,97,46,95,70,1
absent,disturbing,85,53,52,93,45,1
late,disturbing,79,48,74,94,54,1
late,active,82,78,82,52,75,0
present,disturbing,85,44,65,100,56,1
late,active,99,51,86,94,73,1
present,not active,77,92,79,61,79,0
late,not active,98,82,79,85,78,1
absent,not active,71,61,50,78,47,1
absent,active,58,70,83,55,60,0
absent,disturbing,85,75,90,84,65,1
absent,disturbing,46,76,100,92,56,1
late,active,99,86,59,75,76,0
present,disturbing,89,45,74,87,61,1
late,not active,100,67,63,72,68,1
late,not active,47,77,78,78,59,1
absent,active,87,75,59,91,63,1
late,not active,89,72,84,82,73,1
late,not active,63,72,41,59,50,1
absent,not active,95,65,94,51,71,0
present,active,96,92,82,87,90,0
late,not active,58,98,84,91,72,1
late,not active,50,57,67,61,50,1
present,active,40,77,78,74,65,1
late,not active,96,98,90,53,86,0
present,active,60,96,95,55,83,0
late,active,49,65,44,100,47,1
late,disturbing,92,73,96,97,74,1
present,not active,41,85,56,50,57,0
absent,active,43,46,62,85,40,1
late,not active,80,58,56,84,56,1
late,disturbing,68,61,77,100,55,1
present,active,68,53,50,63,57,1
present,active,42,49,100,74,63,1
absent,not active,78,84,41,95,54,1
late,active,76,86,86,99,77,1
absent,active,56,51,89,90,55,1
present,disturbing,84,65,72,86,65,1
present,active,41,94,97,56,77,0
absent,active,82,53,52,87,52,1
absent,disturbing,78,54,94,79,57,1
absent,disturbing,58,84,50,79,46,1
late,active,40,51,93,82,56,1
absent,not active,53,93,62,73,56,1
absent,not active,55,94,78,64,62,1
absent,active,75,55,65,72,55,1
present,disturbing,51,65,49,93,47,1
late,disturbing,66,85,86,75,66,1
present,not active,47,48,54,78,46,1
absent,disturbing,54,70,88,86,52,1
absent,not active,63,50,52,65,42,1
absent,not active,76,95,90,57,74,0
present,not active,55,89,67,74,67,1
late,disturbing,60,80,82,81,61,1
late,active,66,59,57,57,55,1
absent,not active,56,85,65,74,55,1
late,not active,72,63,89,60,66,0
late,disturbing,75,71,92,86,66,1
late,active,92,85,41,75,67,1
present,disturbing,56,85,96,58,71,0
late,not active,52,78,87,98,64,1
absent,not active,81,48,68,97,52,1
absent,disturbing,71,72,96,71,61,1
late,not active,91,76,58,59,67,0
absent,active,93,68,87,51,72,0
present,active,54,61,44,86,53,1
present,disturbing,59,68,97,78,66,1
absent,active,52,93,97,54,70,0
late,not active,77,97,86,62,78,0
present,active,44,60,94,80,66,1
absent,not active,97,72,61,83,63,1
late,disturbing,97,75,91,98,74,1
late,active,63,71,45,99,54,1
absent,disturbing,64,89,46,59,48,1
late,not active,99,63,100,57,79,0
present,not active,72,65,85,58,71,0
absent,active,72,52,50,75,48,1
present,active,61,41,78,99,60,1
present,active,79,77,74,99,76,1
absent,active,54,93,100,78,72,1
late,active,53,76,94,95,69,1
present,active,91,64,54,100,69,1
present,not active,93,84,82,93,83,1
absent,not active,43,66,98,58,56,1
late,disturbing,52,49,55,88,39,1
absent,disturbing,47,81,88,53,54,0
present,disturbing,48,86,86,53,65,0
absent,active,78,48,42,95,46,1
present,active,73,81,53,86,69,1
absent,not active,72,44,81,51,52,0
absent,active,65,60,100,57,65,0
absent,disturbing,53,66,92,70,52,1
absent,active,70,94,70,81,68,1
absent,not active,53,86,70,82,56,1
late,active,53,54,93,98,61,1
absent,active,76,89,68,66,67,0
present,active,54,82,83,50,73,0
present,disturbing,59,42,76,96,51,1
present,disturbing,49,79,62,60,55,1
late,active,73,53,66,69,59,1
absent,active,69,50,98,85,62,1
present,not active,65,90,77,94,74,1
absent,active,80,80,56,69,62,1
late,not active,65,41,42,87,41,1
absent,active,79,94,94,77,79,0
present,disturbing,91,77,42,76,62,1
present,not active,54,56,100,61,67,0
late,active,55,89,68,75,65,1
late,not active,58,91,72,73,65,1
absent,active,46,43,100,97,53,1
absent,not active,58,75,67,80,53,1
late,disturbing,80,74,44,72,53,1
present,not active,54,99,46,50,63,0
present,disturbing,44,82,93,99,65,1
late,not active,60,90,62,50,62,0
late,disturbing,66,47,82,100,52,1
present,active,47,71,87,87,68,1
absent,not active,55,42,87,62,48,1
absent,disturbing,93,98,50,87,62,1
absent,not active,41,42,53,53,32,1
late,not active,44,67,86,95,57,1
absent,not active,65,74,94,83,64,1
late,disturbing,99,96,75,89,77,1
absent,disturbing,76,56,66,85,48,1
absent,disturbing,44,42,79,73,37,1
present,active,46,94,85,58,75,0
absent,disturbing,57,59,95,90,52,1
absent,disturbing,78,48,48,99,40,1
late,active,40,47,92,81,54,1
late,active,73,73,55,61,62,0
absent,not active,55,100,42,58,52,1
present,active,44,59,51,97,51,1
absent,disturbing,98,75,91,89,70,1
late,disturbing,98,81,69,55,69,0
late,active,49,43,59,64,45,1
absent,disturbing,94,83,46,79,56,1
present,active,53,98,56,93,69,1
present,disturbing,56,61,58,62,50,1
absent,disturbing,87,67,67,82,55,1
absent,active,84,64,71,51,63,0
present,not active,83,41,64,97,59,1
present,active,73,57,79,50,69,0
present,active,42,58,82,79,60,1
present,active,69,51,49,77,56,1
present,not active,61,96,43,85,63,1
late,active,78,72,97,66,77,0
present,not active,87,90,87,79,85,0
present,active,85,75,66,87,75,1
late,not active,90,54,99,58,73,0
present,not active,69,95,95,75,83,0
absent,not active,85,60,57,82,54,1
late,disturbing,42,54,81,86,46,1
present,not active,94,57,69,90,70,1
absent,disturbing,66,51,93,83,52,1
absent,not active,50,92,91,59,64,0
late,not active,73,90,93,60,77,0
present,active,42,84,67,55,64,0
absent,disturbing,71,79,93,77,63,1
present,disturbing,46,91,62,76,58,1
absent,active,53,61,61,71,48,1
present,not active,98,55,81,93,75,1
absent,active,66,85,81,76,67,1
present,active,41,75,65,54,60,0
absent,active,89,40,60,56,53,1
absent,disturbing,93,54,82,66,58,1
absent,not active,48,46,72,73,42,1
absent,not active,89,56,70,60,58,1
absent,disturbing,72,83,98,74,66,1
late,disturbing,66,57,66,85,50,1
late,not active,41,89,62,89,56,1
present,active,91,64,70,51,75,0
late,active,61,91,86,55,74,0
present,disturbing,96,74,54,97,66,1
present,active,89,68,56,78,71,1
absent,not active,73,80,84,53,66,0
absent,active,45,92,67,70,58,1
late,disturbing,68,58,69,67,52,1
late,active,90,52,55,93,60,1
absent,active,50,47,90,88,52,1
absent,active,90,62,86,99,69,1
absent,not active,42,66,53,60,40,1
present,disturbing,40,48,95,50,53,0
absent,not active,62,46,72,92,47,1
absent,active,76,40,86,80,57,1
late,active,56,92,95,96,76,1
absent,not active,97,69,64,57,63,0
absent,active,72,75,95,82,70,1
absent,active,47,92,99,83,69,1
present,not active,70,52,67,93,60,1
absent,active,95,66,69,67,66,1
absent,not active,41,50,95,56,49,1
late,disturbing,47,67,75,83,50,1
late,not active,40,80,89,89,61,1
present,not active,63,80,98,60,77,0
late,not active,42,87,46,85,50,1
late,not active,91,60,84,86,70,1
late,not active,63,88,57,72,61,1
late,active,71,73,49,88,59,1
present,active,71,84,42,69,65,1
present,active,84,46,50,51,60,0
late,active,43,62,51,97,47,1
late,active,48,66,52,80,50,1
absent,active,77,49,41,68,45,1
absent,not active,77,73,87,78,66,1
absent,active,76,85,89,78,73,1
present,active,89,62,100,66,83,0
late,disturbing,99,82,60,60,67,0
present,active,98,87,86,68,90,0
absent,disturbing,63,71,50,52,43,1
absent,disturbing,42,73,85,79,48,1
absent,active,41,97,45,92,51,1
absent,active,40,79,94,80,61,1
present,disturbing,66,96,78,89,72,1
late,disturbing,77,80,64,98,60,1
late,disturbing,40,49,48,53,32,1
absent,disturbing,67,69,90,90,57,1
late,not active,83,64,60,84,61,1
present,not active,71,54,89,86,68,1
absent,active,97,67,44,51,59,0
late,not active,48,77,98,94,66,1
late,not active,92,66,82,72,72,0
present,disturbing,80,87,86,82,76,1
absent,active,90,81,89,87,76,1
absent,active,80,73,51,57,58,0
present,active,95,54,49,85,66,1
present,not active,65,52,81,61,63,0
present,active,58,72,58,63,62,1
absent,disturbing,71,55,40,80,37,1
absent,active,63,40,46,93,39,1
present,not active,88,47,90,90,72,1
present,active,73,67,90,69,76,0
absent,active,56,84,43,51,51,0
absent,disturbing,85,90,93,86,71,1
present,not active,99,53,55,91,66,1
present,not active,42,41,74,96,49,1
present,active,71,49,48,96,56,1
late,not active,78,64,74,70,64,1
absent,active,67,48,94,59,59,0
late,disturbing,64,51,87,53,54,0
present,not active,54,58,87,75,63,1
present,active,85,48,87,61,73,0
present,disturbing,79,77,70,59,67,0
late,disturbing,91,40,71,72,54,1
absent,disturbing,100,52,54,60,50,1
late,disturbing,70,53,46,79,43,1
present,not active,46,89,46,91,57,1
absent,active,42,43,96,85,50,1
late,active,67,65,54,77,57,1
present,not active,98,99,92,85,93,0
present,not active,44,97,83,73,71,1
late,active,90,90,50,83,71,1
late,active,56,65,93,57,66,0
present,active,48,45,72,53,55,0
late,not active,58,94,54,58,60,0
absent,disturbing,83,96,46,84,57,1
present,active,70,40,48,81,52,1
present,not active,72,93,62,76,72,1
late,active,92,70,100,98,82,1
late,not active,91,89,48,86,68,1
late,disturbing,49,61,49,56,40,1
present,not active,40,56,59,94,48,1
late,active,83,45,46,64,53,1
present,active,69,90,59,94,72,1
late,disturbing,86,95,58,71,66,1
absent,active,88,88,54,72,66,1
absent,active,57,77,63,51,55,0
present,active,96,96,73,62,88,0
late,active,78,52,79,100,64,1
late,not active,72,96,68,58,70,0
late,not active,59,55,89,55,59,0
late,disturbing,63,62,56,72,47,1
absent,active,51,43,70,87,44,1
late,disturbing,56,97,84,58,66,0
absent,not active,78,53,49,88,47,1
absent,not active,74,62,42,56,46,1
present,active,57,57,40,79,51,1
late,active,64,55,60,55,54,1
present,disturbing,72,49,82,76,59,1
present,active,41,73,58,89,57,1
absent,active,76,65,49,57,53,1
late,not active,60,86,46,76,56,1
absent,active,74,54,40,85,46,1
present,not active,45,47,52,80,45,1
present,active,51,42,94,55,62,0
late,not active,100,41,52,63,56,1
late,not active,70,87,83,85,72,1
present,active,43,43,52,63,46,1
present,active,59,71,61,91,63,1
late,disturbing,73,65,59,74,52,1
absent,active,93,44,92,62,66,0
present,disturbing,61,40,57,64,44,1
absent,disturbing,56,47,57,78,35,1
absent,disturbing,69,78,79,79,57,1
late,not active,55,56,84,60,57,1
absent,active,73,90,78,69,70,0
absent,not active,80,100,51,60,64,0
late,active,62,69,79,90,65,1
present,disturbing,57,43,59,100,45,1
late,disturbing,98,42,78,70,59,1
present,active,72,96,92,57,86,0
present,disturbing,96,73,52,73,65,1
late,not active,90,81,56,55,67,0
present,not active,65,87,98,75,80,0
present,active,64,43,97,62,68,0
late,disturbing,88,100,90,66,79,0
late,active,42,98,53,89,59,1
absent,disturbing,57,82,97,88,60,1
late,not active,82,43,84,98,61,1
late,not active,54,81,67,95,59,1
present,not active,60,99,66,99,72,1
late,disturbing,48,90,76,78,58,1
absent,disturbing,50,75,86,98,52,1
absent,not active,89,96,45,63,63,0
absent,active,68,63,87,90,62,1
absent,active,62,47,55,97,44,1
absent,active,92,91,45,64,66,0
present,active,72,96,53,50,73,0
absent,disturbing,53,59,75,72,44,1
late,active,78,72,52,99,62,1
late,active,52,63,60,72,53,1
absent,active,83,53,87,68,64,1
absent,disturbing,41,95,70,88,50,1
late,active,57,80,73,53,65,0
present,not active,70,50,54,62,55,1
absent,not active,59,76,65,77,53,1
present,disturbing,99,47,53,99,58,1
absent,not active,66,76,75,58,59,0
present,disturbing,87,95,52,60,70,0
late,active,80,60,57,72,60,1
absent,active,76,46,98,76,63,1
absent,active,99,75,50,89,64,1
absent,not active,97,41,45,76,48,1
present,not active,53,78,40,68,54,1
late,disturbing,43,49,100,50,51,0
absent,active,69,65,47,73,50,1
late,not active,60,43,99,81,59,1
late,not active,53,98,57,55,61,0
late,not active,85,90,63,89,71,1
absent,disturbing,72,95,42,91,51,1
late,active,52,61,64,98,54,1
late,disturbing,57,65,60,75,47,1
present,not active,63,98,71,59,74,0
absent,active,89,74,83,87,72,1
absent,active,68,44,92,59,58,1
present,disturbing,75,60,84,51,65,0
absent,disturbing,68,78,50,76,47,1
present,active,69,77,96,80,80,0
late,not active,63,81,89,52,69,0
present,not active,64,54,67,67,58,1
late,disturbing,47,54,83,77,48,1
present,active,40,66,53,94,53,1
absent,active,89,96,80,53,78,0
absent,not active,98,50,57,52,55,0
absent,active,74,67,80,58,63,0
absent,not active,47,97,48,87,51,1
absent,active,77,97,73,94,72,1
present,active,78,69,76,64,74,0
absent,not active,97,92,42,67,64,1
absent,disturbing,91,64,63,89,54,1
present,active,96,53,79,79,76,1
absent,not active,76,61,86,73,61,1
absent,not active,60,98,61,52,60,0
absent,not active,59,52,96,89,56,1
late,not active,71,68,47,52,54,0
present,disturbing,41,68,82,52,55,0
present,disturbing,92,95,75,69,79,0
present,active,87,61,75,77,74,1
late,active,76,54,76,56,63,0
present,not active,65,63,92,66,70,0
late,active,48,65,45,51,47,1
present,not active,44,68,45,57,49,1
present,not active,52,53,41,71,45,1
absent,disturbing,65,86,67,65,54,1
late,active,48,89,99,94,73,1
absent,disturbing,66,54,60,70,42,1
present,disturbing,50,61,51,79,46,1
present,disturbing,95,56,59,73,62,1
present,active,55,71,45,67,57,1
present,not active,42,74,84,81,63,1
late,not active,54,88,68,77,62,1
absent,disturbing,71,93,43,69,51,1
present,disturbing,68,92,66,66,67,0
present,active,85,42,81,76,69,1
late,disturbing,62,95,73,90,63,1
present,active,45,51,64,85,53,1
present,active,99,63,72,81,78,1
absent,active,94,85,54,94,67,1
absent,active,43,70,54,60,45,1
late,disturbing,81,42,88,79,57,1
absent,disturbing,78,100,81,98,68,1
present,active,62,48,69,85,59,1
absent,disturbing,82,65,59,87,50,1
absent,disturbing,73,58,59,89,45,1
absent,not active,72,73,48,95,51,1
late,disturbing,81,70,98,98,70,1
absent,not active,92,88,58,54,66,0
late,active,69,99,89,78,80,0
present,active,64,47,73,54,61,0
late,active,73,57,97,58,70,0
present,disturbing,92,84,53,61,68,0
absent,not active,68,73,90,99,64,1
late,disturbing,67,41,69,84,46,1
absent,active,87,45,61,67,54,1
late,active,70,79,63,77,65,1
present,not active,47,96,43,87,59,1
late,active,98,92,60,73,78,0
late,not active,72,57,78,90,61,1
late,active,91,43,53,74,57,1
absent,active,98,98,70,99,78,1
late,active,53,56,93,75,62,1
late,disturbing,88,71,66,99,62,1
late,not active,66,58,68,74,56,1
present,disturbing,82,77,78,62,71,0
absent,active,58,90,47,98,55,1
late,active,62,69,84,95,66,1
absent,not active,80,62,74,94,59,1
absent,active,49,42,93,52,51,1
late,not active,86,86,99,86,82,1
present,not active,40,98,71,55,66,0
absent,active,83,75,99,63,75,0
late,active,67,96,40,50,62,0
present,active,53,46,99,55,66,0
absent,disturbing,91,81,72,71,63,1
late,not active,54,68,41,82,46,1
late,active,57,46,50,79,46,1
present,not active,80,40,48,78,53,1
late,active,40,83,69,65,59,1
present,disturbing,73,43,47,81,46,1
present,active,48,50,62,85,53,1
late,active,79,49,76,63,63,0
present,not active,87,63,46,76,62,1
late,not active,60,92,82,87,70,1
absent,active,43,96,50,80,53,1
absent,disturbing,67,84,67,58,54,1
late,not active,54,42,74,56,48,1
absent,not active,61,89,42,53,51,1
absent,active,98,50,48,95,55,1
present,disturbing,41,95,85,86,65,1
present,disturbing,91,66,92,74,75,0
absent,not active,80,45,96,63,60,1
absent,active,83,85,78,65,72,0
present,disturbing,67,100,71,100,71,1
present,disturbing,80,52,85,68,64,1
late,not active,58,78,75,89,62,1
late,not active,42,76,70,83,54,1
late,active,72,76,75,77,69,1
absent,active,46,42,93,100,50,1
present,not active,90,66,66,87,71,1
absent,disturbing,57,74,51,76,42,1
late,not active,45,100,66,100,62,1
late,disturbing,78,63,97,94,66,1
present,active,99,95,66,82,86,0
absent,active,61,97,61,95,63,1
present,not active,47,44,99,64,60,1
present,disturbing,70,65,60,78,57,1
present,not active,90,54,47,56,60,0
present,disturbing,46,95,90,81,69,1
present,not active,42,67,58,91,52,1
present,active,42,46,97,60,61,0
present,not active,81,71,51,62,64,0
absent,disturbing,99,56,99,60,66,0
absent,active,47,58,45,63,40,1
late,active,92,87,50,61,71,0
absent,active,53,43,56,94,40,1
late,disturbing,43,99,94,78,65,1
late,disturbing,57,57,99,76,58,1
absent,not active,43,95,66,66,55,1
late,disturbing,84,43,51,64,46,1
late,not active,90,79,63,89,69,1
present,active,71,54,79,63,68,0
present,disturbing,64,58,54,67,50,1
present,active,86,59,98,64,81,0
absent,active,45,85,93,61,64,0
absent,not active,76,80,56,84,57,1
absent,not active,61,80,55,81,52,1
absent,active,82,68,72,94,64,1
late,disturbing,76,63,76,87,58,1
late,not active,49,100,46,52,57,0
late,not active,61,42,75,55,51,1
late,disturbing,62,78,60,51,53,0
absent,active,84,68,73,60,65,0
late,active,71,47,83,75,62,1
late,active,67,56,52,85,53,1
absent,not active,65,59,77,72,54,1
absent,disturbing,53,67,58,85,41,1
late,active,49,41,63,50,46,1
present,active,84,49,56,86,63,1
late,active,66,73,52,74,58,1
late,active,68,78,78,95,69,1
present,disturbing,62,67,54,68,53,1
absent,not active,95,73,91,78,73,1
absent,active,85,93,47,78,65,1
present,not active,86,51,87,76,71,1
absent,disturbing,67,76,71,59,53,1
present,disturbing,61,99,91,69,75,0
absent,disturbing,62,42,78,81,42,1
present,not active,65,47,60,91,54,1
absent,not active,68,58,87,57,58,0
late,disturbing,61,83,68,78,57,1
absent,not active,77,77,72,99,62,1
present,active,100,81,94,85,91,0
absent,not active,46,87,86,83,60,1
late,disturbing,46,57,82,67,48,1
absent,disturbing,55,59,53,66,37,1
present,disturbing,74,51,70,66,57,1
absent,not active,59,51,62,66,44,1
absent,active,49,92,59,63,56,1
absent,not active,80,60,48,78,49,1
late,disturbing,93,50,55,66,53,1
present,not active,94,82,78,62,81,0
absent,active,86,61,43,75,53,1
absent,disturbing,93,83,100,98,74,1
absent,disturbing,58,75,92,73,57,1
present,not active,61,69,99,59,73,0
absent,active,82,76,93,75,73,1
present,active,97,60,92,79,83,0
late,not active,64,74,81,51,65,0
absent,not active,73,81,54,89,56,1
late,disturbing,51,53,67,94,44,1
absent,not active,62,90,64,66,59,1
late,active,67,97,77,76,75,1
late,not active,94,80,97,68,82,0
absent,disturbing,48,72,86,78,50,1
present,active,62,69,100,92,77,1
absent,not active,100,60,65,98,62,1
present,active,95,70,88,77,84,0
absent,not active,45,87,52,77,48,1
absent,not active,48,97,63,66,56,1
late,active,67,82,59,63,64,0
absent,active,45,67,59,74,47,1
present,disturbing,69,59,88,85,64,1
absent,active,77,43,96,93,62,1
absent,active,91,71,84,63,72,0
present,not active,61,55,44,52,50,1
present,disturbing,46,83,63,78,56,1
absent,not active,47,97,50,97,51,1
present,not active,62,40,45,93,46,1
absent,not active,96,47,77,73,60,1
present,disturbing,43,71,89,79,59,1
present,active,65,56,99,81,73,1
present,disturbing,68,74,67,98,61,1
late,active,71,70,60,56,62,0
late,disturbing,61,43,43,83,36,1
absent,disturbing,62,71,74,52,51,1
late,disturbing,84,85,76,51,68,0
absent,disturbing,68,52,88,50,51,0
late,active,56,65,51,75,52,1
late,disturbing,95,76,85,54,72,0
absent,not active,52,51,88,68,50,1
absent,not active,83,55,62,66,53,1
absent,active,84,98,68,72,73,0
absent,not active,67,68,100,67,65,1
present,disturbing,75,88,43,83,60,1
absent,disturbing,86,40,70,80,47,1
late,active,50,98,69,93,67,1
absent,active,94,76,83,78,74,1
late,disturbing,68,71,70,89,56,1
late,not active,76,61,71,56,61,0
present,not active,76,84,72,96,74,1
absent,active,78,81,54,96,61,1
late,disturbing,44,55,66,56,42,1
absent,not active,74,99,91,78,75,1
late,active,48,94,68,52,65,0
present,disturbing,76,59,53,51,54,0
present,disturbing,78,62,41,78,52,1
present,active,47,47,93,84,62,1
absent,disturbing,79,83,68,89,58,1
late,disturbing,70,40,95,92,55,1
late,active,94,83,96,54,86,0
absent,active,95,93,57,53,71,0
absent,disturbing,98,96,50,84,63,1
present,not active,50,62,48,91,50,1
present,disturbing,49,57,90,75,57,1
absent,active,71,93,50,62,61,1
late,disturbing,60,85,42,87,49,1
present,disturbing,53,55,93,87,59,1
late,active,48,82,59,85,58,1
late,active,64,54,54,72,52,1
present,not active,89,47,47,54,58,0
absent,active,43,87,53,90,51,1
present,active,100,59,56,87,71,1
absent,disturbing,93,95,50,70,61,1
absent,not active,77,73,49,89,53,1
present,active,80,48,80,85,69,1
late,not active,93,62,74,60,68,0
present,active,83,75,93,65,83,0
present,active,95,68,80,91,81,1
present,not active,74,87,59,65,70,0
present,active,70,49,46,78,55,1
present,disturbing,55,75,53,80,53,1
present,not active,49,56,67,98,54,1
late,active,69,47,82,97,61,1
present,active,95,78,76,57,83,0
present,not active,41,60,97,83,63,1
absent,active,60,42,62,86,44,1
absent,active,40,82,62,83,51,1
late,disturbing,78,42,72,52,51,1
late,not active,99,64,45,74,61,1
present,disturbing,61,76,94,51,69,0
present,disturbing,98,50,91,63,71,0
late,not active,77,97,96,76,82,0
present,not active,86,89,62,100,76,1
absent,disturbing,65,97,80,80,62,1
late,disturbing,85,82,68,90,65,1
absent,not active,96,90,68,50,71,0
late,disturbing,97,63,80,65,67,0
absent,not active,50,57,67,68,45,1
absent,active,93,53,43,56,53,1
absent,not active,56,66,58,60,47,1
late,active,83,56,82,54,68,0
present,not active,46,93,71,67,67,0
absent,disturbing,50,71,89,73,52,1
absent,not active,88,99,54,75,67,1
present,not active,76,98,71,82,78,1
present,disturbing,76,85,47,93,61,1
late,active,90,44,53,95,57,1
absent,disturbing,47,64,56,73,37,1
late,not active,60,57,100,77,64,1
absent,not active,69,54,80,89,54,1
late,disturbing,71,99,98,95,76,1
late,active,50,80,96,96,70,1
absent,active,53,61,70,68,51,1
late,active,79,57,86,92,69,1
present,active,53,87,66,71,68,1
late,not active,69,94,81,58,73,0
present,disturbing,86,82,71,100,71,1
absent,disturbing,44,82,64,60,45,1
absent,not active,76,95,58,64,63,1
present,not active,84,41,43,50,53,0
absent,active,95,98,48,95,70,1
late,active,53,49,46,63,44,1
present,active,45,87,64,76,65,1
present,disturbing,79,98,50,82,67,1
late,not active,54,80,42,95,50,1
late,active,52,77,95,97,69,1
late,disturbing,73,49,75,60,52,1
absent,not active,88,56,52,70,52,1
present,not active,99,78,87,95,85,1
present,active,98,87,63,58,82,0
absent,disturbing,73,58,60,59,45,1
present,disturbing,55,68,81,96,60,1
present,not active,53,56,88,91,62,1
late,not active,50,62,59,98,49,1
absent,disturbing,94,99,66,91,68,1
late,disturbing,78,98,73,91,70,1
present,disturbing,43,98,41,90,52,1
late,not active,87,71,68,88,67,1
absent,not active,76,74,59,58,56,1
late,active,78,90,62,90,71,1
late,active,49,53,72,99,53,1
late,active,66,91,40,55,60,0
late,disturbing,55,76,74,55,55,0
present,not active,90,77,68,56,75,0
absent,not active,76,87,45,80,56,1
absent,active,55,50,63,79,46,1
late,active,90,55,53,90,61,1
present,not active,78,46,64,68,59,1
absent,not active,48,96,80,98,61,1
present,active,52,40,76,54,56,0
absent,not active,77,53,64,66,51,1
absent,disturbing,53,53,44,97,32,1
present,not active,97,42,73,72,67,1
present,active,42,71,57,53,56,0
present,disturbing,53,96,73,68,66,1
present,disturbing,49,80,92,78,65,1
absent,active,54,94,76,85,64,1
absent,not active,86,55,63,64,55,1
present,disturbing,53,48,97,72,58,1
present,active,87,92,83,53,87,0
absent,active,42,59,61,71,44,1
late,active,97,54,58,69,64,1
late,disturbing,100,91,92,58,81,0
present,active,41,60,74,81,58,1
late,disturbing,71,74,87,65,64,1
present,active,65,86,77,71,76,0
present,disturbing,44,54,72,97,48,1
present,not active,50,82,85,88,69,1
present,active,97,42,97,66,78,0
present,not active,59,66,68,68,61,1
absent,disturbing,90,96,91,78,74,1
absent,disturbing,46,67,74,59,44,1
absent,not active,48,96,95,64,66,0
late,active,49,73,52,81,53,1
present,disturbing,100,94,76,86,82,1
late,disturbing,87,96,55,86,66,1
late,not active,81,87,42,77,62,1
absent,active,54,77,52,94,51,1
late,active,63,65,52,92,55,1
present,not active,46,77,94,95,69,1
late,not active,74,69,100,59,73,0
absent,active,57,92,50,86,56,1
late,disturbing,94,74,77,63,68,0
late,disturbing,42,90,92,71,61,1
absent,disturbing,66,67,79,58,52,1
present,disturbing,69,56,72,78,57,1
absent,disturbing,40,77,58,85,40,1
present,disturbing,66,58,68,78,56,1
late,active,83,70,90,66,76,0
present,disturbing,67,67,84,83,64,1
late,disturbing,69,96,82,63,69,0
late,disturbing,48,52,95,64,52,1
present,disturbing,44,70,82,52,57,0
late,not active,95,42,86,70,66,1
late,disturbing,83,99,47,70,63,1
late,not active,86,98,42,57,67,0
absent,active,57,70,78,74,58,1
present,not active,42,56,97,86,62,1
present,active,99,91,46,73,78,0
present,not active,67,73,50,78,60,1
late,active,68,93,57,51,67,0
late,not active,70,42,94,89,60,1
present,disturbing,40,60,70,95,48,1
absent,active,46,48,60,79,41,1
present,active,43,88,76,94,69,1
present,active,59,68,72,72,66,1
late,disturbing,91,99,80,87,77,1
present,disturbing,73,98,77,76,74,1
present,disturbing,97,74,86,59,77,0
absent,not active,96,89,98,94,81,1
late,not active,57,54,48,81,45,1
late,active,86,46,50,53,55,0
absent,disturbing,48,78,45,84,39,1
present,active,60,53,81,50,64,0
absent,active,94,47,40,93,50,1
late,disturbing,55,87,53,56,52,1
late,disturbing,40,56,86,88,47,1
present,disturbing,90,81,49,65,65,0
late,disturbing,76,47,83,96,55,1
late,disturbing,87,43,88,79,59,1
late,not active,50,97,44,90,55,1
present,not active,70,51,63,81,58,1
present,disturbing,41,72,90,63,59,1
absent,not active,52,94,84,65,63,1
absent,active,52,75,57,70,51,1
late,active,45,82,88,79,66,1
late,disturbing,76,98,71,62,68,0
late,not active,92,90,77,93,78,1
late,active,100,63,57,58,68,0
absent,disturbing,84,72,100,82,67,1
absent,not active,81,83,83,63,69,0
late,active,88,60,68,87,67,1
absent,not active,91,56,46,74,51,1
present,not active,47,82,62,69,60,1
late,not active,47,84,95,63,67,0
present,active,88,52,90,72,76,0
present,disturbing,77,51,44,100,49,1
absent,disturbing,59,58,68,100,43,1
absent,disturbing,85,44,52,61,42,1
present,active,88,85,95,62,89,0
absent,disturbing,47,78,57,83,42,1
late,not active,56,66,49,86,49,1
present,disturbing,67,45,84,79,57,1
absent,disturbing,56,44,82,63,42,1
present,not active,58,54,48,56,50,1
present,disturbing,73,46,95,87,63,1
present,disturbing,78,89,85,92,76,1
present,active,65,58,47,91,56,1
present,active,67,44,47,73,52,1
present,disturbing,98,81,71,54,75,0
present,disturbing,60,61,54,75,50,1
late,not active,99,41,49,78,55,1
present,active,83,62,54,87,66,1
late,not active,64,64,72,86,58,1
absent,active,59,71,96,99,65,1
absent,disturbing,85,60,57,94,49,1
absent,not active,78,55,95,86,63,1
present,not active,60,73,78,94,67,1
absent,not active,66,78,87,80,64,1
late,disturbing,47,86,88,73,60,1
late,disturbing,56,55,55,86,42,1
late,active,49,76,66,53,58,0
present,not active,87,87,61,67,75,0
absent,active,93,86,80,94,76,1
absent,not active,95,78,75,63,69,0
absent,disturbing,83,96,86,77,70,1
present,not active,79,40,85,58,65,0
late,not active,72,87,69,55,68,0
absent,not active,99,44,85,54,63,0
late,not active,95,87,48,55,68,0
late,not active,80,78,73,62,69,0
present,disturbing,79,61,42,59,52,1
present,active,79,84,87,57,83,0
present,active,64,44,96,55,68,0
present,disturbing,81,76,67,85,66,1
late,disturbing,96,55,61,75,57,1
absent,not active,43,78,100,96,60,1
present,active,100,44,88,73,77,0
late,active,95,92,100,70,90,0
present,disturbing,66,57,46,79,48,1
absent,active,57,92,67,71,62,1
late,disturbing,73,50,88,69,57,1
late,disturbing,96,88,76,60,73,0
present,active,88,92,42,92,74,1
late,disturbing,46,57,100,72,54,1
late,disturbing,50,100,99,70,70,0
late,disturbing,94,69,42,54,55,0
absent,not active,93,66,91,83,70,1
late,not active,42,88,83,76,63,1
present,active,43,51,75,88,56,1
present,disturbing,99,58,42,82,58,1
late,disturbing,73,71,64,97,56,1
late,not active,60,96,51,92,61,1
absent,disturbing,44,70,53,55,37,1
late,not active,61,72,68,85,59,1
late,disturbing,69,62,100,70,64,1
absent,not active,59,69,71,55,53,1
late,not active,74,77,41,63,56,1
late,active,55,71,99,67,70,0
absent,not active,99,65,48,89,57,1
late,active,66,100,57,77,69,1
absent,disturbing,44,100,75,88,55,1
late,active,54,62,63,83,54,1
late,active,53,60,90,58,62,0
absent,disturbing,83,49,92,96,56,1
absent,active,66,72,87,77,65,1
late,disturbing,44,93,98,94,65,1
absent,disturbing,68,62,61,64,45,1
present,not active,74,84,80,69,76,0
absent,disturbing,100,76,55,59,59,0
present,active,54,45,59,85,52,1
late,disturbing,89,76,88,51,71,0
late,disturbing,50,73,47,83,43,1
late,active,44,89,78,86,65,1
late,disturbing,97,88,51,76,65,1
late,active,84,99,64,96,77,1
late,active,62,50,72,83,56,1
late,not active,85,100,67,61,76,0
late,disturbing,50,82,94,53,62,0
absent,not active,68,93,83,59,68,0
late,not active,68,92,97,94,77,1
absent,active,63,69,50,93,50,1
absent,active,60,99,53,72,60,1
present,not active,72,49,74,69,62,1
late,active,50,83,93,84,70,1
present,disturbing,68,45,69,77,52,1
absent,active,95,55,82,81,67,1
late,not active,58,98,89,81,73,1
late,active,96,72,49,61,67,0
late,disturbing,90,46,46,71,47,1
present,active,69,84,53,53,68,0
present,active,92,89,47,93,76,1
late,active,46,81,71,67,61,1
absent,not active,52,96,76,97,61,1
absent,active,95,89,40,79,64,1
absent,active,74,94,94,73,77,0
late,not active,48,61,91,75,58,1
late,active,56,87,86,68,71,0
late,not active,62,62,56,61,52,1
late,not active,63,77,71,58,62,0
absent,disturbing,73,51,51,90,40,1
present,active,75,62,56,66,64,1
late,active,100,88,65,77,79,0
late,active,92,62,52,63,63,0
present,not active,73,52,89,88,68,1
absent,disturbing,48,62,99,79,51,1
late,disturbing,60,75,50,53,48,1
absent,active,45,87,79,81,60,1
present,active,96,40,75,93,70,1
present,not active,95,97,89,56,90,0
absent,not active,66,100,85,98,70,1
late,active,42,59,70,100,52,1
absent,active,82,77,47,50,58,0
late,active,90,85,86,79,82,0
absent,not active,92,65,49,82,55,1
present,not active,50,46,49,87,45,1
late,active,51,68,48,79,50,1
absent,disturbing,86,46,45,98,41,1
present,not active,62,73,93,77,73,1
present,disturbing,61,80,96,100,71,1
absent,disturbing,51,69,42,87,36,1
present,active,42,47,51,53,46,1
late,not active,40,83,77,98,58,1
late,disturbing,84,68,95,90,69,1
present,active,76,98,46,70,73,0
late,not active,64,79,70,88,63,1
late,active,96,94,75,99,83,1
present,not active,71,92,46,65,66,0
present,disturbing,43,99,98,68,72,0
absent,disturbing,44,50,57,98,32,1
present,active,54,86,64,54,68,0
absent,disturbing,42,86,55,87,43,1
absent,not active,64,45,73,61,47,1
present,disturbing,88,77,49,88,63,1
absent,not active,55,45,95,73,52,1
absent,disturbing,61,74,42,96,41,1
late,active,41,81,44,77,50,1
present,active,72,94,60,66,75,0
absent,active,80,58,97,71,68,1
late,active,88,74,62,50,69,0
present,active,40,47,43,83,43,1
absent,active,76,72,51,52,56,0
absent,disturbing,92,72,85,59,65,0
absent,not active,97,41,57,53,52,1
late,disturbing,89,53,44,83,49,1
late,not active,80,44,80,88,60,1
present,active,60,92,52,82,68,1
late,not active,54,79,55,94,54,1
late,active,57,63,50,73,51,1
late,not active,55,46,47,60,41,1
present,disturbing,77,73,49,78,58,1
late,active,97,41,65,98,62,1
late,not active,48,52,95,68,57,1
absent,not active,49,84,44,85,46,1
absent,disturbing,96,49,66,81,52,1
absent,active,56,100,47,56,57,0
present,not active,56,83,77,71,69,1
present,not active,78,81,45,89,65,1
present,disturbing,74,95,61,72,68,1
absent,disturbing,58,47,98,84,49,1
late,active,46,82,72,100,61,1
late,disturbing,73,90,43,55,55,0
late,not active,43,94,43,97,52,1
late,active,56,51,46,60,46,1
present,active,47,56,85,86,62,1
present,not active,44,72,55,55,54,1
present,active,97,96,43,91,78,1
absent,disturbing,92,86,86,100,70,1
late,active,92,71,49,68,65,1
absent,disturbing,87,72,65,58,56,1
absent,active,65,97,44,96,58,1
present,disturbing,59,66,84,68,61,1
late,not active,72,70,86,100,68,1
late,active,79,59,43,79,55,1
present,active,46,49,92,76,62,1
present,active,61,46,43,92,50,1
present,disturbing,88,57,51,87,57,1
present,active,60,100,56,93,72,1
present,disturbing,44,84,51,88,51,1
late,not active,48,65,88,94,59,1
late,disturbing,100,80,85,64,75,0
absent,disturbing,53,95,48,59,47,1
late,not active,63,98,56,62,64,0
absent,disturbing,59,63,96,65,54,1
present,active,71,63,56,65,63,1
absent,active,68,40,63,89,47,1
present,not active,59,85,59,60,64,0
present,disturbing,49,89,64,58,59,0
present,active,96,99,42,97,79,1
late,active,52,63,56,96,52,1
absent,active,50,65,45,91,43,1
present,not active,68,83,89,87,77,1
present,not active,71,66,81,65,69,0
late,disturbing,84,58,96,74,66,1
late,not active,90,66,54,97,62,1
absent,not active,85,78,82,69,68,1
late,disturbing,41,62,83,86,49,1
late,disturbing,42,94,64,96,53,1
late,disturbing,66,96,79,51,67,0
absent,active,63,52,41,75,42,1
late,not active,81,93,52,98,67,1
absent,not active,99,44,50,72,51,1
present,not active,66,61,61,69,59,1
present,active,74,96,94,50,88,0
late,active,63,53,60,89,53,1
present,active,75,86,93,62,84,0
absent,not active,40,96,87,86,61,1
present,not active,73,58,90,73,70,1
absent,disturbing,41,94,98,51,59,0
present,disturbing,86,57,61,97,60,1
absent,active,51,97,77,89,65,1
absent,disturbing,80,90,53,67,56,1
absent,active,45,83,54,99,50,1
absent,active,77,77,73,73,65,1
present,disturbing,89,60,96,96,73,1
absent,disturbing,82,62,60,56,50,1
absent,disturbing,97,40,66,96,49,1
present,not active,87,65,99,99,80,1
late,active,88,56,43,55,57,0
absent,not active,100,86,75,58,74,0
late,disturbing,51,68,48,83,42,1
late,not active,50,93,99,99,72,1
present,not active,82,60,52,61,61,0
present,not active,93,63,83,64,76,0
absent,not active,78,70,58,90,55,1
present,disturbing,68,54,97,59,65,0
present,not active,100,65,93,85,83,1
present,disturbing,87,98,86,63,82,0
present,not active,80,74,53,85,66,1
present,active,71,57,99,96,75,1
absent,active,68,97,95,78,76,1
late,not active,86,44,66,54,57,0
late,disturbing,52,96,90,68,66,1
late,active,71,68,70,62,64,0
absent,not active,88,79,64,88,64,1
present,not active,47,92,57,57,62,0
absent,active,93,78,54,80,65,1
absent,active,70,77,61,59,59,0
late,disturbing,47,85,48,62,47,1
present,active,60,94,95,76,83,0
late,active,68,40,75,76,56,1
late,not active,83,92,92,96,81,1
present,not active,72,81,94,80,79,1
absent,active,62,44,84,100,53,1
late,not active,51,95,93,88,71,1
late,disturbing,84,45,40,92,43,1
present,disturbing,47,93,48,94,54,1
present,active,73,96,78,84,82,1
present,disturbing,48,67,89,55,60,0
late,disturbing,58,51,55,62,41,1
present,disturbing,92,40,80,68,62,1
late,disturbing,63,82,69,87,58,1
absent,disturbing,65,86,65,97,54,1
late,disturbing,91,50,50,59,50,1
absent,not active,68,70,66,88,55,1
present,not active,47,81,66,57,61,0
absent,active,87,72,78,64,69,0
late,not active,46,46,58,55,42,1
present,active,99,77,88,79,88,0
late,disturbing,75,85,77,65,66,0
late,not active,86,57,43,75,54,1
present,not active,55,78,89,83,71,1
late,not active,62,77,61,89,58,1
absent,disturbing,97,44,83,81,56,1
present,active,50,53,87,70,63,1
late,not active,83,51,40,63,50,1
absent,not active,61,77,73,70,57,1
late,active,64,76,89,65,71,0
absent,not active,83,81,68,87,64,1
absent,disturbing,66,79,59,60,50,1
present,disturbing,66,49,47,50,46,1
late,disturbing,82,52,45,89,46,1
absent,active,56,41,58,70,41,1
absent,disturbing,80,74,92,98,64,1
absent,disturbing,89,65,62,70,54,1
absent,not active,91,76,45,74,57,1
late,active,97,71,63,88,72,1
late,active,87,73,43,82,62,1
present,not active,46,99,84,60,73,0
present,active,54,69,87,63,70,0
late,not active,95,67,98,79,78,1
present,active,78,66,89,91,77,1
late,not active,50,63,97,52,62,0
present,disturbing,99,42,76,59,64,0
present,not active,91,50,42,69,58,1
present,active,67,41,88,54,65,0
present,not active,78,40,60,83,56,1
absent,not active,42,67,79,89,49,1
absent,not active,44,44,64,85,37,1
absent,not active,98,65,47,74,57,1
absent,not active,90,100,56,92,69,1
late,active,90,81,93,96,83,1
late,not active,60,50,44,91,43,1
late,not active,67,60,77,82,60,1
present,disturbing,100,74,43,81,64,1
late,active,72,80,73,96,70,1
present,active,86,91,45,94,74,1
present,active,59,73,67,76,66,1
late,active,56,96,80,55,72,0
present,disturbing,98,66,86,83,75,1
absent,active,79,75,51,71,58,1
absent,disturbing,86,85,99,89,72,1
absent,disturbing,72,43,49,71,36,1
present,disturbing,74,58,71,54,59,0
absent,active,51,90,88,58,66,0
present,active,83,47,94,65,74,0
late,active,67,99,96,83,82,1
late,disturbing,75,45,51,72,44,1
present,active,98,83,67,50,82,0
absent,active,98,80,54,64,67,0
absent,not active,45,42,45,86,31,1
late,not active,97,78,41,84,64,1
absent,active,67,80,59,54,58,0
late,disturbing,86,87,55,66,63,1
present,active,58,51,100,73,69,1
present,disturbing,69,86,43,82,58,1
absent,active,51,51,88,68,53,1
late,active,56,69,56,76,55,1
absent,active,59,97,54,94,60,1
absent,disturbing,51,77,69,80,47,1
absent,active,96,48,72,84,62,1
absent,disturbing,67,55,62,77,43,1
present,not active,85,76,62,70,71,0
present,disturbing,46,61,70,92,51,1
late,active,93,70,87,85,78,1
present,not active,82,59,96,58,76,0
late,not active,87,67,96,61,75,0
absent,active,54,49,45,54,39,1
late,not active,69,93,47,55,61,0
late,disturbing,47,54,60,95,40,1
present,active,98,74,93,95,88,1
absent,not active,72,65,58,100,52,1
absent,not active,86,73,94,74,71,1
absent,not active,45,52,84,92,47,1
absent,disturbing,87,92,64,55,63,0
late,active,72,47,50,51,51,0
absent,not active,99,76,57,62,64,0
absent,disturbing,99,72,81,87,66,1
absent,active,89,78,84,66,73,0
late,disturbing,82,66,92,99,67,1
present,not active,65,74,85,61,71,0
present,disturbing,73,96,83,65,76,0
present,active,68,67,76,100,70,1
late,disturbing,68,43,45,92,39,1
late,active,86,79,73,59,74,0
absent,disturbing,47,91,46,83,43,1
late,not active,78,65,83,58,67,0
late,not active,62,91,49,100,59,1
present,disturbing,64,42,57,82,46,1
absent,active,48,73,72,51,54,0
absent,active,74,94,56,73,64,1
absent,not active,51,54,40,53,35,1
absent,not active,69,45,73,74,49,1
absent,not active,93,76,50,68,60,1
present,active,80,54,64,78,66,1
late,disturbing,91,69,55,61,58,1
absent,active,98,91,86,58,81,0
present,not active,51,49,48,82,46,1
absent,active,68,74,75,93,62,1
absent,not active,98,77,94,56,76,0
present,not active,87,79,46,91,67,1
present,active,69,83,66,88,72,1
late,active,62,59,93,53,66,0
late,disturbing,53,54,64,53,44,1
absent,not active,94,53,61,86,56,1
absent,not active,43,67,59,62,43,1
present,active,78,79,57,88,71,1
absent,active,94,56,52,52,57,0
absent,active,83,51,93,79,65,1
late,active,89,56,74,99,68,1
present,not active,95,57,83,98,75,1
absent,not active,44,99,52,91,52,1
late,disturbing,97,51,86,84,65,1
late,disturbing,80,72,96,59,69,0
absent,not active,67,92,58,56,59,0
late,not active,99,83,67,85,75,1
late,not active,88,89,83,56,78,0
present,not active,81,94,76,74,80,0
late,disturbing,70,46,95,85,57,1
late,not active,78,46,60,50,53,0
absent,disturbing,90,58,87,71,60,1
late,disturbing,82,57,67,58,55,1
present,not active,77,81,67,98,72,1
absent,active,44,69,47,97,43,1
absent,not active,44,63,43,60,37,1
late,not active,48,40,59,90,41,1
absent,active,95,67,49,59,60,0
absent,not active,74,40,98,60,57,1
absent,active,67,54,47,80,46,1
present,not active,89,97,84,84,87,0
present,disturbing,53,44,42,65,38,1
absent,disturbing,49,96,95,93,62,1
absent,active,74,77,67,77,62,1
present,not active,74,65,83,83,71,1
present,not active,84,57,46,85,59,1
absent,not active,64,59,86,74,56,1
absent,active,72,85,98,97,75,1
late,active,72,50,84,91,63,1
absent,not active,53,93,54,65,53,1
late,not active,48,70,75,71,56,1
late,disturbing,56,77,94,89,62,1
absent,active,89,92,75,83,75,1
late,active,57,80,58,82,60,1
absent,not active,98,43,49,100,50,1
late,disturbing,82,68,78,98,63,1
present,not active,79,62,84,88,72,1
late,disturbing,71,40,100,62,57,1
absent,not active,90,51,83,83,61,1
late,active,99,74,51,54,69,0
present,not active,57,59,67,76,58,1
late,not active,85,51,68,67,60,1
present,active,53,59,40,95,50,1
absent,not active,52,57,48,76,39,1
late,not active,75,67,50,61,56,1
absent,not active,46,41,80,69,42,1
present,not active,64,71,56,60,60,0
present,not active,45,62,79,57,59,0
absent,disturbing,99,56,57,50,52,0
present,disturbing,91,69,91,73,75,0
present,not active,56,49,70,78,55,1
present,disturbing,96,85,72,97,76,1
present,disturbing,81,49,63,54,56,0
present,disturbing,50,78,42,98,48,1
late,disturbing,51,68,93,71,57,1
absent,not active,51,68,56,87,45,1
present,not active,67,94,68,60,73,0
late,not active,100,62,75,75,71,1
late,disturbing,97,61,66,80,61,1
late,not active,82,53,92,91,67,1
absent,disturbing,52,45,81,51,41,1
absent,disturbing,49,78,41,91,38,1
late,active,83,44,81,87,64,1
